<?xml version="1.0" encoding="UTF-8"?>
<project-private xmlns="http://www.netbeans.org/ns/project-private/1">
    <editor-bookmarks xmlns="http://www.netbeans.org/ns/editor-bookmarks/2" lastBookmarkId="1">
        <file>
            <url>src/java/Model/CargoDAO.java</url>
            <bookmark id="1">
                <name/>
                <line>79</line>
                <key/>
            </bookmark>
        </file>
    </editor-bookmarks>
    <open-files xmlns="http://www.netbeans.org/ns/projectui-open-files/2">
        <group>
            <file>file:/C:/Users/bryan/Documents/NetBeansProjects/Carpiteria/src/java/Controller/ControladorIngreso.java</file>
            <file>file:/C:/Users/bryan/Documents/NetBeansProjects/Carpiteria/web/index.jsp</file>
            <file>file:/C:/Users/bryan/Documents/NetBeansProjects/Carpiteria/web/Admin/MenuAdmin.html</file>
        </group>
    </open-files>
</project-private>
